bank_txn_id,bank_account,currency,amount,value_date,reference,description
B-001,BANK-SG-001,SGD,980.00,2026-07-03,STL-SG-0703,PSP PAYOUT
B-002,BANK-US-001,USD,514.10,2026-07-03,PAYOUT STL-US-0702,PSP PAYOUT
B-003,BANK-SG-001,SGD,94.00,2026-07-04,STL-SG-0704,PSP PAYOUT
B-004,BANK-SG-001,SGD,3000.00,2026-07-05,STL-SG-0705 PART 1/2,PSP PAYOUT
B-005,BANK-SG-001,SGD,2000.00,2026-07-06,STL-SG-0705 PART 2/2,PSP PAYOUT
B-006,BANK-US-001,USD,1455.00,2026-07-07,"STL-US-0706A,STL-US-0706B",PSP PAYOUT COMBINED
B-007,BANK-EU-001,EUR,490.00,2026-07-07,SEPA CREDIT PSP PAYOUT,no batch reference
B-008,BANK-SG-001,SGD,710.00,2026-07-08,STL-SG-0708,PSP PAYOUT
B-009,BANK-SG-002,SGD,196.00,2026-07-07,STL-SG-0707,credited to a different account
B-010,BANK-EU-001,EUR,147.00,2026-07-05,SEPA CREDIT,no batch reference
B-011,BANK-EU-001,EUR,294.00,2026-07-07,SEPA BATCH CREDIT,no batch reference
B-012,BANK-SG-001,SGD,245.00,2026-07-09,STL-SG-0706,PSP PAYOUT value date +3
B-013,BANK-US-001,USD,194.00,2026-07-07,STL-US-0703,PSP PAYOUT value date +4
B-014,BANK-EU-001,EUR,1200.00,2026-07-06,STL-EU-0705,PSP PAYOUT partial
B-015,BANK-SG-001,SGD,55.55,2026-07-08,INTEREST JUL,bank interest
B-001,BANK-SG-001,SGD,980.00,2026-07-03,STL-SG-0703,PSP PAYOUT
B-017,BANK-US-001,USD,12.00,2026-07-12,MISC,dated after as-of
B-018,BANK-SG-001,SGD,20.00,2026-07-09,FX ADJ,conflict original
B-018,BANK-SG-001,SGD,21.00,2026-07-09,FX ADJ,conflict different amount
