ledger_entry_id,event_type,business_ref,original_ref,merchant_account,currency,gross_amount,event_date,description
L-1001,SALE,ORD-1001,,MER-SG-01,SGD,1000.00,2026-07-01,S01 normal sale
L-1002,SALE,ORD-1002,,MER-US-01,USD,500.00,2026-07-01,S02 PSP reports 50 less
L-1003,REFUND,RFD-1003,ORD-0990,MER-SG-01,SGD,-200.00,2026-07-02,S03 refund booked day before PSP
L-1004,SALE,ORD-1004,,MER-SG-01,SGD,300.00,2026-07-03,S03 batch partner
L-1005,SALE,ORD-1005,,MER-SG-01,SGD,5100.00,2026-07-04,S04 bank split
L-1006,SALE,ORD-1006,,MER-US-01,USD,1000.00,2026-07-05,S05 bank merged A
L-1007,SALE,ORD-1007,,MER-US-01,USD,500.00,2026-07-05,S05 bank merged B
L-1008,SALE,ORD-1008,,MER-EU-01,EUR,500.00,2026-07-06,S06 same amount A
L-1009,SALE,ORD-1009,,MER-EU-01,EUR,500.00,2026-07-06,S06 same amount B
L-1010,SALE,ORD-1010,,MER-SG-01,SGD,750.00,2026-07-06,S08 conflict original
L-1010,SALE,ORD-1010,,MER-SG-01,SGD,705.00,2026-07-06,S08 conflict different content
L-1011,SALE,ORD-1011,,MER-SG-01,SGD,64.0O,2026-07-02,S09 bad amount (letter O)
L-1012,SALE,ORD-1012,,MER-SG-01,SGD,88.00,2026-13-01,S09 bad date
L-1013,SALE,ORD-1013,,MER-EU-01,EUR,300.00,2026-07-07,S10 PSP reports USD
L-1014,SALE,ORD-1014,,MER-SG-01,SGD,200.00,2026-07-06,S10 bank credit to wrong account
L-1015,SALE,ORD-1015,,MER-SG-01,SGD,120.00,2026-07-01,S11 date diff exactly 2 days
L-1016,SALE,ORD-1016,,MER-SG-01,SGD,130.00,2026-07-01,S11 date diff 3 days
L-1017,SALE,ORD-1017,,MER-SG-01,SGD,400.00,2026-07-08,S13 PSP item not yet due
L-1018,SALE,ORD-1018,,MER-US-01,USD,200.00,2026-07-02,S11 bank value date +4 days
L-1019,SALE,ORD-1019,,MER-EU-01,EUR,2040.00,2026-07-03,S12 partial receipt
L-1020,SALE,ORD-1020,,MER-US-01,USD,100.00,2026-07-03,S14 bank line arrives late
L-1021,SALE,ORD-1021,,MER-SG-01,SGD,60.00,2026-07-03,S15 missing in PSP
L-1023,SALE,ORD-1023,,MER-EU-01,EUR,150.00,2026-07-03,S16 bank line without reference
L-1024,SALE,ORD-1024,,MER-EU-01,EUR,100.00,2026-07-05,S17 amount-only group A
L-1025,SALE,ORD-1025,,MER-EU-01,EUR,200.00,2026-07-05,S17 amount-only group B
L-1026,SALE,ORD-1026,,MER-SG-01,SGD,10.005,2026-07-05,S09 three decimals
L-1027,SALE,ORD-1027,,MER-SG-01,SGD,45.00,2026-07-09,S19 recent - within grace
L-1028,SALE,ORD-2001,,MER-US-01,USD,75.00,2026-07-04,S18 same ref different merchant (US)
L-1029,SALE,ORD-2001,,MER-SG-01,SGD,75.00,2026-07-04,S18 same ref different merchant (SG)
L-1030,SALE,ORD-1030,,MER-SG-01,SGD,99.00,2026-07-10,S20 dated on as-of
L-1031,SALE,ORD-1031,,MER-SG-01,SGD,77.00,2026-07-11,S20 dated after as-of
L-1032,SALE,ORD-1032,,MER-SG-01,SGD,50.00,2026-07-04,S10 PSP has it under another merchant
L-1033,SALE,ORD-1033,,MER-SG-01,SGD,150.00,2026-07-08,S13 settlement in transit
L-1034,SALE,ORD-1034,,MER-US-01,USD,60.00,2026-07-09,S20 settlement dated after as-of
L-1001,SALE,ORD-1001,,MER-SG-01,SGD,1000.00,2026-07-01,S01 normal sale
