psp_txn_id,type,business_ref,merchant_account,currency,gross_amount,fee_amount,net_amount,created_date,available_on,settlement_batch_id,settlement_date,bank_account
PSP-1001,charge,ORD-1001,MER-SG-01,SGD,1000.00,20.00,980.00,2026-07-01,2026-07-03,STL-SG-0703,2026-07-03,BANK-SG-001
PSP-1002,charge,ORD-1002,MER-US-01,USD,450.00,13.50,436.50,2026-07-01,2026-07-02,STL-US-0702,2026-07-02,BANK-US-001
PSP-1022,charge,ORD-1022,MER-US-01,USD,80.00,2.40,77.60,2026-07-01,2026-07-02,STL-US-0702,2026-07-02,BANK-US-001
PSP-1003,refund,RFD-1003,MER-SG-01,SGD,-200.00,0.00,-200.00,2026-07-03,2026-07-04,STL-SG-0704,2026-07-04,BANK-SG-001
PSP-1004,charge,ORD-1004,MER-SG-01,SGD,300.00,6.00,294.00,2026-07-03,2026-07-04,STL-SG-0704,2026-07-04,BANK-SG-001
PSP-1005,charge,ORD-1005,MER-SG-01,SGD,5100.00,100.00,5000.00,2026-07-04,2026-07-05,STL-SG-0705,2026-07-05,BANK-SG-001
PSP-1006,charge,ORD-1006,MER-US-01,USD,1000.00,30.00,970.00,2026-07-05,2026-07-06,STL-US-0706A,2026-07-06,BANK-US-001
PSP-1007,charge,ORD-1007,MER-US-01,USD,500.00,15.00,485.00,2026-07-05,2026-07-06,STL-US-0706B,2026-07-06,BANK-US-001
PSP-1008,charge,ORD-1008,MER-EU-01,EUR,500.00,10.00,490.00,2026-07-06,2026-07-07,STL-EU-0707A,2026-07-07,BANK-EU-001
PSP-1009,charge,ORD-1009,MER-EU-01,EUR,500.00,10.00,490.00,2026-07-06,2026-07-07,STL-EU-0707B,2026-07-07,BANK-EU-001
PSP-1010,charge,ORD-1010,MER-SG-01,SGD,750.00,15.00,735.00,2026-07-06,2026-07-07,STL-SG-0708,2026-07-08,BANK-SG-001
PSP-FEE-0708,fee,,MER-SG-01,SGD,0.00,25.00,-25.00,2026-07-07,2026-07-08,STL-SG-0708,2026-07-08,BANK-SG-001
PSP-1011,charge,ORD-1011,MER-SG-01,SGD,64.00,1.28,62.72,2026-07-02,2026-07-03,,,
PSP-1013,charge,ORD-1013,MER-EU-01,USD,300.00,9.00,291.00,2026-07-07,2026-07-12,,,
PSP-1014,charge,ORD-1014,MER-SG-01,SGD,200.00,4.00,196.00,2026-07-06,2026-07-07,STL-SG-0707,2026-07-07,BANK-SG-001
PSP-1015,charge,ORD-1015,MER-SG-01,SGD,120.00,2.40,117.60,2026-07-03,2026-07-06,STL-SG-0706,2026-07-06,BANK-SG-001
PSP-1016,charge,ORD-1016,MER-SG-01,SGD,130.00,2.60,127.40,2026-07-04,2026-07-06,STL-SG-0706,2026-07-06,BANK-SG-001
PSP-1017,charge,ORD-1017,MER-SG-01,SGD,400.00,8.00,392.00,2026-07-08,2026-07-12,,,
PSP-1018,charge,ORD-1018,MER-US-01,USD,200.00,6.00,194.00,2026-07-02,2026-07-03,STL-US-0703,2026-07-03,BANK-US-001
PSP-1019,charge,ORD-1019,MER-EU-01,EUR,2040.00,40.00,2000.00,2026-07-03,2026-07-05,STL-EU-0705,2026-07-05,BANK-EU-001
PSP-1020,charge,ORD-1020,MER-US-01,USD,100.00,3.00,97.00,2026-07-03,2026-07-04,STL-US-0704,2026-07-04,BANK-US-001
PSP-1023,charge,ORD-1023,MER-EU-01,EUR,150.00,3.00,147.00,2026-07-03,2026-07-04,STL-EU-0704,2026-07-04,BANK-EU-001
PSP-1024,charge,ORD-1024,MER-EU-01,EUR,100.00,2.00,98.00,2026-07-05,2026-07-06,STL-EU-0706A,2026-07-06,BANK-EU-001
PSP-1025,charge,ORD-1025,MER-EU-01,EUR,200.00,4.00,196.00,2026-07-05,2026-07-06,STL-EU-0706B,2026-07-06,BANK-EU-001
PSP-2001A,charge,ORD-2001,MER-US-01,USD,75.00,2.25,72.75,2026-07-04,2026-07-11,,,
PSP-2001B,charge,ORD-2001,MER-SG-01,SGD,75.00,1.50,73.50,2026-07-04,2026-07-11,,,
PSP-1032,charge,ORD-1032,MER-SG-02,SGD,50.00,1.00,49.00,2026-07-04,2026-07-12,,,
PSP-1099,charge,ORD-1099,MER-SG-01,SGD,100.00,2.00,97.00,2026-07-04,2026-07-05,,,
PSP-1033,charge,ORD-1033,MER-SG-01,SGD,150.00,3.00,147.00,2026-07-08,2026-07-09,STL-SG-0710,2026-07-10,BANK-SG-001
PSP-1034,charge,ORD-1034,MER-US-01,USD,60.00,1.80,58.20,2026-07-09,2026-07-10,STL-US-0711,2026-07-11,BANK-US-001
