issue_id,source,file_name,sha256,source_row,reason_code,detail,record_id,conflicts_with,raw
1,ledger,ledger.csv,98a1cb744119c11274b3065246ddce4c690a06026962427bb6b50569cc4ab2cb,12,CONFLICT_RECORD_ID,record L-1010 already loaded with different content,L-1010,L-1010,"{""business_ref"": ""ORD-1010"", ""currency"": ""SGD"", ""description"": ""S08 conflict different content"", ""event_date"": ""2026-07-06"", ""event_type"": ""SALE"", ""gross_amount"": ""705.00"", ""ledger_entry_id"": ""L-1010"", ""merchant_account"": ""MER-SG-01"", ""original_ref"": """"}"
2,ledger,ledger.csv,98a1cb744119c11274b3065246ddce4c690a06026962427bb6b50569cc4ab2cb,13,BAD_AMOUNT,'gross_amount': not a plain decimal amount: '64.0O',L-1011,,"{""business_ref"": ""ORD-1011"", ""currency"": ""SGD"", ""description"": ""S09 bad amount (letter O)"", ""event_date"": ""2026-07-02"", ""event_type"": ""SALE"", ""gross_amount"": ""64.0O"", ""ledger_entry_id"": ""L-1011"", ""merchant_account"": ""MER-SG-01"", ""original_ref"": """"}"
3,ledger,ledger.csv,98a1cb744119c11274b3065246ddce4c690a06026962427bb6b50569cc4ab2cb,14,BAD_DATE,'event_date'='2026-13-01' is not a valid YYYY-MM-DD date,L-1012,,"{""business_ref"": ""ORD-1012"", ""currency"": ""SGD"", ""description"": ""S09 bad date"", ""event_date"": ""2026-13-01"", ""event_type"": ""SALE"", ""gross_amount"": ""88.00"", ""ledger_entry_id"": ""L-1012"", ""merchant_account"": ""MER-SG-01"", ""original_ref"": """"}"
4,ledger,ledger.csv,98a1cb744119c11274b3065246ddce4c690a06026962427bb6b50569cc4ab2cb,27,BAD_AMOUNT,'gross_amount': '10.005' has more than 2 decimal places for SGD; not rounded,L-1026,,"{""business_ref"": ""ORD-1026"", ""currency"": ""SGD"", ""description"": ""S09 three decimals"", ""event_date"": ""2026-07-05"", ""event_type"": ""SALE"", ""gross_amount"": ""10.005"", ""ledger_entry_id"": ""L-1026"", ""merchant_account"": ""MER-SG-01"", ""original_ref"": """"}"
6,psp,psp.csv,13c82c6610d9c7708e756efe8ab1fa00faa9e016e1db041d885c9e8d15a22932,29,NET_MISMATCH,net_amount 9700 != gross_amount 10000 - fee_amount 200 (minor units),PSP-1099,,"{""available_on"": ""2026-07-05"", ""bank_account"": """", ""business_ref"": ""ORD-1099"", ""created_date"": ""2026-07-04"", ""currency"": ""SGD"", ""fee_amount"": ""2.00"", ""gross_amount"": ""100.00"", ""merchant_account"": ""MER-SG-01"", ""net_amount"": ""97.00"", ""psp_txn_id"": ""PSP-1099"", ""settlement_batch_id"": """", ""settlement_date"": """", ""type"": ""charge""}"
8,bank,bank.csv,c7f8f7ae69b51e5ef3a43a20c4e4db301dee1ae7d0c2ad5851821addfafdb543,20,CONFLICT_RECORD_ID,record B-018 already loaded with different content,B-018,B-018,"{""amount"": ""21.00"", ""bank_account"": ""BANK-SG-001"", ""bank_txn_id"": ""B-018"", ""currency"": ""SGD"", ""description"": ""conflict different amount"", ""reference"": ""FX ADJ"", ""value_date"": ""2026-07-09""}"
,ledger,ledger.csv,98a1cb744119c11274b3065246ddce4c690a06026962427bb6b50569cc4ab2cb,,DUPLICATE_FILE,identical content already imported as import #1 (ledger: ledger.csv); nothing loaded,,,
,ledger,ledger_renamed_copy.csv,98a1cb744119c11274b3065246ddce4c690a06026962427bb6b50569cc4ab2cb,,DUPLICATE_FILE,identical content already imported as import #1 (ledger: ledger.csv); nothing loaded,,,
,bank,bank_missing_amount_column.csv,e47da9ec781162b5c527adfb96411c9f295ffbe33f4348644a0b0e310b6f0e35,,REJECTED,missing required column(s) for bank: amount; whole file rejected,,,
