case_id,case_key,chain,type,status,owner,currency,amount,anchor_date,age_days,overdue,disposition,resolution_reason,engine_active,rule,explanation
1,A|MER-EU-01|ORD-1013,A,CURRENCY_MISMATCH,Open,,EUR,300.00,2026-07-07,4,True,,,1,A-X3_CURRENCY,Same reference but currency differs: ledger 300.00 EUR vs PSP 300.00 USD. No FX conversion in v1.
2,A|MER-SG-01|ORD-1010,A,SOURCE_CONFLICT,Open,,SGD,750.00,2026-07-06,5,True,,,1,A-X1_CONFLICT,"Business reference ORD-1010 has conflicting source rows (same key, different content). Blocked from auto-matching until the source is corrected."
3,A|MER-SG-01|ORD-1011,A,MISSING_IN_LEDGER,Open,,SGD,-64.00,2026-07-02,9,True,,,1,A-X8_NO_LEDGER,"PSP charge ORD-1011 64.00 SGD on 2026-07-02 has no ledger entry after 9 days. Note: a ledger row for ORD-1011 was quarantined (BAD_AMOUNT, file 98a1cb744119 row 13)."
4,A|MER-SG-01|ORD-1016,A,DATE_OUT_OF_TOLERANCE,Open,,SGD,130.00,2026-07-01,10,True,,,1,A-X6_DATE,"Reference and amount agree but dates differ by 3 days (ledger 2026-07-01, PSP 2026-07-04); tolerance is 2 days."
5,A|MER-SG-01|ORD-1021,A,MISSING_IN_PSP,Open,,SGD,60.00,2026-07-03,8,True,,,1,A-X7_NO_PSP,Ledger SALE ORD-1021 60.00 SGD on 2026-07-03 has no PSP item after 8 days.
6,A|MER-SG-01|ORD-1032,A,ACCOUNT_MISMATCH,Open,,SGD,50.00,2026-07-04,7,True,,,1,A-X2_ACCOUNT,"Ledger ORD-1032 is booked under merchant MER-SG-01, but the PSP reports this reference only under merchant(s) MER-SG-02. Accounts are never crossed, so nothing is matched."
7,A|MER-SG-02|ORD-1032,A,ACCOUNT_MISMATCH,Open,,SGD,-50.00,2026-07-04,7,True,,,1,A-X2_ACCOUNT,"PSP ORD-1032 is reported under merchant MER-SG-02, but the ledger books this reference only under merchant(s) MER-SG-01. Accounts are never crossed, so nothing is matched."
8,A|MER-US-01|ORD-1002,A,AMOUNT_MISMATCH,Open,,USD,50.00,2026-07-01,10,True,,,1,A-X5_AMOUNT,Same reference; ledger gross 500.00 USD vs PSP gross 450.00 USD: difference 50.00 USD (ledger minus PSP). Exact amount required; no tolerance applied.
9,A|MER-US-01|ORD-1022,A,MISSING_IN_LEDGER,Open,,USD,-80.00,2026-07-01,10,True,,,1,A-X8_NO_LEDGER,PSP charge ORD-1022 80.00 USD on 2026-07-01 has no ledger entry after 10 days.
11,B|BANK|B-018,B,SOURCE_CONFLICT,Open,,SGD,20.00,2026-07-09,2,False,,,1,B-X2_CONFLICT,"Bank line B-018 has conflicting source rows (same id, different content); blocked."
12,B|ITEM|PSP-1011,B,UNSETTLED_OVERDUE,Open,,SGD,62.72,2026-07-03,8,True,,,1,B-X1_UNSETTLED,"PSP item PSP-1011 (charge, net 62.72 SGD) was available on 2026-07-03 but is in no settlement batch 8d later."
14,B|STL|STL-EU-0706A,B,SUGGESTED_GROUP,Open,,EUR,98.00,2026-07-06,5,True,,,1,B4_AMOUNT_GROUP_SUGGESTION,"Amount-only N:1 combination found: settlements STL-EU-0706A (98.00) + STL-EU-0706B (196.00) = bank B-011 (294.00) EUR. No reference evidence, so this is a suggestion for review, not a match."
15,B|STL|STL-EU-0706B,B,SUGGESTED_GROUP,Open,,EUR,196.00,2026-07-06,5,True,,,1,B4_AMOUNT_GROUP_SUGGESTION,"Amount-only N:1 combination found: settlements STL-EU-0706A (98.00) + STL-EU-0706B (196.00) = bank B-011 (294.00) EUR. No reference evidence, so this is a suggestion for review, not a match."
16,B|STL|STL-EU-0707A,B,AMBIGUOUS_CANDIDATES,Open,,EUR,490.00,2026-07-07,4,True,,,1,B-X4_AMBIGUOUS,"Settlement STL-EU-0707A net 490.00 EUR has 1 same-amount bank line(s) in window (B-007) competing with settlement(s) STL-EU-0707B; no reference to disambiguate, so nothing is auto-matched."
17,B|STL|STL-EU-0707B,B,AMBIGUOUS_CANDIDATES,Open,,EUR,490.00,2026-07-07,4,True,,,1,B-X4_AMBIGUOUS,"Settlement STL-EU-0707B net 490.00 EUR has 1 same-amount bank line(s) in window (B-007) competing with settlement(s) STL-EU-0707A; no reference to disambiguate, so nothing is auto-matched."
18,B|STL|STL-SG-0707,B,ACCOUNT_MISMATCH,Open,,SGD,196.00,2026-07-07,4,True,,,1,B-X7_ACCOUNT_OR_CURRENCY,Bank line reference names settlement STL-SG-0707 (expected BANK-SG-001/SGD) but B-009 is BANK-SG-002/SGD. Accounts and currencies are never crossed.
19,B|STL|STL-US-0703,B,DATE_OUT_OF_WINDOW,Open,,USD,194.00,2026-07-03,8,True,,,1,B-X9_DATE,Referencing bank line(s) sum to the settlement net 194.00 USD but value date(s) 2026-07-07 fall outside settlement date 2026-07-03 -1/+3d.
10,B|BANK|B-015,B,UNEXPECTED_BANK_CREDIT,Resolved,,SGD,55.55,2026-07-08,3,False,NO_ACTION_REQUIRED,"Bank interest, booked by treasury",1,B-X6_NO_SETTLEMENT,"Bank line B-015 55.55 SGD on BANK-SG-001, value 2026-07-08, reference 'INTEREST JUL' has no settlement counterpart."
